epoch,time,train/box_loss,train/cls_loss,train/dfl_loss,metrics/precision(B),metrics/recall(B),metrics/mAP50(B),metrics/mAP50-95(B),val/box_loss,val/cls_loss,val/dfl_loss,lr/pg0,lr/pg1,lr/pg2
1,1.17626,0.9757,2.79327,0.93185,0.00656,1,0.56515,0.36734,0.92501,2.96113,0.82677,0.00025005,0.00025005,0.00025005
2,1.97997,0.90442,1.09037,0.89457,1,0.03295,0.81119,0.6349,0.87508,2.61054,0.81566,0.000511654,0.000511654,0.000511654
3,2.76043,0.91752,0.87112,0.92084,1,0.03252,0.87609,0.68719,0.86659,2.50926,0.81855,0.000767977,0.000767977,0.000767977
4,3.85658,0.88016,0.80296,0.90921,1,0.33354,0.97217,0.73393,0.91642,2.18961,0.84346,0.00101902,0.00101902,0.00101902
5,4.61546,0.87349,0.78702,0.90048,0.98905,0.84023,0.99016,0.75749,0.93811,1.75999,0.84043,0.00126478,0.00126478,0.00126478
6,5.3774,0.86928,0.77573,0.9072,0.9798,0.9155,0.988,0.74094,0.91372,1.1185,0.84867,0.00150526,0.00150526,0.00150526
7,6.11533,0.88753,0.74211,0.90155,0.99494,0.9547,0.99445,0.73793,0.95069,1.13965,0.86004,0.00156798,0.00156798,0.00156798
8,6.83712,0.88168,0.7279,0.92107,0.96467,0.99861,0.99329,0.76952,0.89595,0.70133,0.85125,0.00155148,0.00155148,0.00155148
9,7.6025,0.84372,0.69864,0.90056,0.97862,0.99296,0.99493,0.74747,0.8351,0.60332,0.83174,0.00153497,0.00153497,0.00153497
10,8.34169,0.86762,0.67971,0.90133,0.99308,0.99296,0.99486,0.72785,1.0154,0.64496,0.89649,0.00151847,0.00151847,0.00151847
11,9.08077,0.82139,0.66739,0.89853,0.99578,0.99901,0.995,0.75437,0.87263,0.58924,0.8627,0.00150197,0.00150197,0.00150197
12,9.803,0.77159,0.61946,0.88174,0.99242,0.99864,0.995,0.77394,0.7856,0.54921,0.84332,0.00148546,0.00148546,0.00148546
13,10.5471,0.79381,0.61965,0.87212,0.99662,0.99951,0.995,0.7823,0.77852,0.54084,0.84219,0.00146896,0.00146896,0.00146896
14,11.3027,0.78826,0.61834,0.87557,0.99791,1,0.995,0.75837,0.79609,0.55325,0.84624,0.00145246,0.00145246,0.00145246
15,12.0537,0.82876,0.60061,0.88175,0.9976,0.98994,0.99101,0.72901,0.93619,0.56993,0.88338,0.00143595,0.00143595,0.00143595
16,12.8891,0.80283,0.58882,0.87973,0.99483,0.98957,0.9948,0.78659,0.8275,0.62263,0.85447,0.00141945,0.00141945,0.00141945
17,13.6227,0.76365,0.56524,0.88139,0.9671,0.98039,0.99333,0.76662,0.86845,0.63308,0.85888,0.00140295,0.00140295,0.00140295
18,14.3727,0.76018,0.55513,0.87068,0.98897,1,0.99493,0.78306,0.77108,0.51382,0.84145,0.00138644,0.00138644,0.00138644
19,15.1015,0.76007,0.55158,0.86644,0.99819,0.99897,0.995,0.77908,0.82336,0.48625,0.846,0.00136994,0.00136994,0.00136994
20,15.8184,0.76275,0.54207,0.8727,0.99704,1,0.995,0.77284,0.81093,0.49061,0.84136,0.00135344,0.00135344,0.00135344
21,16.5953,0.75702,0.53703,0.86141,0.98216,0.99296,0.99493,0.78291,0.81242,0.62536,0.83995,0.00133693,0.00133693,0.00133693
22,17.3494,0.74527,0.52136,0.86577,0.98165,0.97355,0.99219,0.77026,0.86653,0.56917,0.85807,0.00132043,0.00132043,0.00132043
23,18.1347,0.76015,0.52889,0.87985,0.89104,0.93464,0.97417,0.74625,0.92106,0.84091,0.88778,0.00130393,0.00130393,0.00130393
24,18.8939,0.73675,0.51617,0.86701,0.99615,0.99296,0.99455,0.77691,0.87295,0.55063,0.86477,0.00128742,0.00128742,0.00128742
25,19.6443,0.70586,0.50204,0.86946,0.99519,1,0.995,0.78388,0.78814,0.49703,0.84576,0.00127092,0.00127092,0.00127092
26,20.3436,0.72621,0.4947,0.86001,0.99669,1,0.995,0.81309,0.69852,0.43492,0.82624,0.00125442,0.00125442,0.00125442
27,21.0414,0.71633,0.47912,0.86719,0.99729,1,0.995,0.79622,0.74837,0.43041,0.84607,0.00123791,0.00123791,0.00123791
28,21.7774,0.70761,0.47841,0.86563,0.99712,1,0.995,0.7941,0.75793,0.47736,0.84797,0.00122141,0.00122141,0.00122141
29,22.6217,0.72925,0.49564,0.86685,0.99245,0.99303,0.99493,0.80036,0.70624,0.47392,0.83736,0.00120491,0.00120491,0.00120491
30,23.4157,0.72532,0.4938,0.87707,0.99063,0.9982,0.99493,0.77564,0.79879,0.46834,0.84784,0.0011884,0.0011884,0.0011884
31,24.1334,0.71912,0.47054,0.86302,0.99282,0.99492,0.995,0.80074,0.7146,0.44345,0.82602,0.0011719,0.0011719,0.0011719
32,24.8237,0.70306,0.46926,0.86172,0.99103,1,0.99438,0.79967,0.68235,0.45152,0.8233,0.0011554,0.0011554,0.0011554
33,25.5262,0.67683,0.45386,0.85918,0.98308,0.99306,0.99431,0.80103,0.74573,0.43878,0.83061,0.00113889,0.00113889,0.00113889
34,26.2581,0.70152,0.46099,0.85812,0.99129,0.99191,0.99212,0.80827,0.72475,0.44494,0.82101,0.00112239,0.00112239,0.00112239
35,27.0065,0.65369,0.44744,0.85464,0.98997,1,0.995,0.81403,0.69527,0.4194,0.82109,0.00110589,0.00110589,0.00110589
36,27.7198,0.68297,0.44921,0.85365,0.98858,1,0.99465,0.81848,0.71295,0.42581,0.82661,0.00108938,0.00108938,0.00108938
37,28.4365,0.66228,0.43872,0.85454,0.99024,1,0.99493,0.81614,0.70572,0.41562,0.82776,0.00107288,0.00107288,0.00107288
38,29.1446,0.64936,0.43548,0.85474,0.98976,1,0.99472,0.82146,0.71465,0.4059,0.83182,0.00105638,0.00105638,0.00105638
39,29.8735,0.66721,0.4394,0.85328,0.99049,1,0.99493,0.81845,0.72579,0.41149,0.83868,0.00103987,0.00103987,0.00103987
40,30.5634,0.6851,0.43555,0.85867,0.98879,1,0.995,0.8082,0.71297,0.40433,0.82391,0.00102337,0.00102337,0.00102337
41,31.3704,0.65944,0.43229,0.84873,0.99753,1,0.995,0.82523,0.68792,0.40064,0.82409,0.00100687,0.00100687,0.00100687
42,32.0754,0.66146,0.42194,0.85295,0.99801,0.99743,0.995,0.80578,0.78479,0.42126,0.84869,0.000990365,0.000990365,0.000990365
43,32.7633,0.65995,0.42125,0.84828,0.99372,1,0.995,0.80895,0.73046,0.40569,0.8367,0.000973861,0.000973861,0.000973861
44,33.4768,0.64895,0.41467,0.85618,0.99301,1,0.995,0.81803,0.68314,0.39957,0.82556,0.000957358,0.000957358,0.000957358
45,34.191,0.64732,0.41439,0.86099,0.99481,1,0.995,0.81971,0.69607,0.3809,0.82645,0.000940855,0.000940855,0.000940855
46,34.9123,0.63518,0.40912,0.83839,0.9963,0.99944,0.995,0.81797,0.69533,0.38408,0.82952,0.000924352,0.000924352,0.000924352
47,35.6223,0.62887,0.4022,0.85253,0.99818,1,0.995,0.82533,0.67783,0.40177,0.8167,0.000907848,0.000907848,0.000907848
48,36.3281,0.64536,0.40491,0.84053,0.99778,1,0.995,0.80937,0.69948,0.39621,0.82666,0.000891345,0.000891345,0.000891345
49,37.0413,0.64263,0.41218,0.84883,0.99665,1,0.995,0.81951,0.71089,0.40746,0.82984,0.000874842,0.000874842,0.000874842
50,37.7442,0.62829,0.39992,0.84107,0.99744,1,0.995,0.83065,0.65931,0.38107,0.81997,0.000858338,0.000858338,0.000858338
51,38.4703,0.61911,0.38786,0.85535,0.99731,1,0.995,0.82618,0.66597,0.3572,0.82047,0.000841835,0.000841835,0.000841835
52,39.1794,0.61362,0.38847,0.85072,0.99788,1,0.995,0.81236,0.69908,0.38113,0.82533,0.000825332,0.000825332,0.000825332
53,40.0095,0.60244,0.37687,0.84975,0.99048,1,0.99493,0.83992,0.64809,0.36111,0.81736,0.000808828,0.000808828,0.000808828
54,40.767,0.63922,0.39487,0.84783,0.99736,1,0.995,0.82841,0.67675,0.3678,0.82373,0.000792325,0.000792325,0.000792325
55,41.4819,0.61092,0.38419,0.84063,0.99518,1,0.995,0.81821,0.65918,0.35744,0.82127,0.000775822,0.000775822,0.000775822
56,42.1922,0.62047,0.3751,0.84239,0.99831,1,0.995,0.83717,0.63904,0.36075,0.81596,0.000759318,0.000759318,0.000759318
57,42.9081,0.61243,0.38124,0.8429,0.99714,1,0.995,0.84183,0.63026,0.33467,0.81252,0.000742815,0.000742815,0.000742815
58,43.6292,0.6246,0.37802,0.8452,0.99015,1,0.99486,0.83069,0.63857,0.36212,0.81792,0.000726312,0.000726312,0.000726312
59,44.3347,0.59955,0.37376,0.83968,0.99484,1,0.995,0.82981,0.67397,0.37282,0.82196,0.000709809,0.000709809,0.000709809
60,45.0466,0.59856,0.37534,0.83998,0.99798,1,0.995,0.82671,0.66261,0.37277,0.81275,0.000693305,0.000693305,0.000693305
61,45.7626,0.58933,0.36892,0.83369,0.99833,1,0.995,0.81535,0.68759,0.36717,0.81989,0.000676802,0.000676802,0.000676802
62,46.492,0.59682,0.36019,0.84004,0.9976,1,0.995,0.8227,0.67062,0.34911,0.81782,0.000660299,0.000660299,0.000660299
63,47.2063,0.58171,0.3672,0.83677,0.998,1,0.995,0.83383,0.64183,0.34081,0.81448,0.000643795,0.000643795,0.000643795
64,47.9336,0.59371,0.36575,0.83641,0.99821,1,0.995,0.83146,0.65958,0.3493,0.81517,0.000627292,0.000627292,0.000627292
65,48.727,0.57264,0.35582,0.82732,0.9929,1,0.995,0.83226,0.63196,0.34776,0.81492,0.000610789,0.000610789,0.000610789
66,49.4293,0.60173,0.3673,0.84052,0.9972,1,0.995,0.83985,0.6307,0.35427,0.81393,0.000594286,0.000594286,0.000594286
67,50.1353,0.55894,0.34912,0.83479,0.9984,1,0.995,0.84008,0.62692,0.36224,0.81641,0.000577782,0.000577782,0.000577782
68,50.8386,0.59757,0.35841,0.83379,0.99839,1,0.995,0.82871,0.64561,0.36223,0.8162,0.000561279,0.000561279,0.000561279
69,51.5347,0.57328,0.35887,0.83513,0.99789,1,0.995,0.83297,0.63257,0.3441,0.81855,0.000544776,0.000544776,0.000544776
70,52.2628,0.58855,0.35897,0.83959,0.99797,1,0.995,0.82845,0.61855,0.33441,0.81417,0.000528272,0.000528272,0.000528272
71,53.0299,0.57434,0.35055,0.83599,0.9982,1,0.995,0.83806,0.64683,0.33878,0.81395,0.000511769,0.000511769,0.000511769
72,53.7322,0.56474,0.34785,0.83018,0.99811,1,0.995,0.83895,0.62573,0.33316,0.8116,0.000495266,0.000495266,0.000495266
73,54.4451,0.58482,0.35349,0.84346,0.99796,1,0.995,0.84897,0.6103,0.33172,0.80949,0.000478762,0.000478762,0.000478762
74,55.1645,0.56232,0.34402,0.82839,0.99811,1,0.995,0.83962,0.62288,0.3245,0.81061,0.000462259,0.000462259,0.000462259
75,55.8828,0.55635,0.33202,0.83208,0.99838,1,0.995,0.84029,0.62467,0.31443,0.81309,0.000445756,0.000445756,0.000445756
76,56.6733,0.55404,0.33337,0.8338,0.99851,1,0.995,0.84276,0.61284,0.32872,0.80965,0.000429253,0.000429253,0.000429253
77,57.3714,0.55977,0.32778,0.83027,0.99806,1,0.995,0.84339,0.62698,0.32435,0.81193,0.000412749,0.000412749,0.000412749
78,58.0635,0.55252,0.3353,0.83671,0.99804,1,0.995,0.83571,0.62297,0.33758,0.81216,0.000396246,0.000396246,0.000396246
79,58.7579,0.54419,0.33231,0.83502,0.99783,1,0.995,0.8481,0.61407,0.32695,0.80989,0.000379743,0.000379743,0.000379743
80,59.4491,0.54731,0.32941,0.827,0.99802,1,0.995,0.83777,0.61242,0.32862,0.81325,0.000363239,0.000363239,0.000363239
81,60.1841,0.55645,0.32875,0.83777,0.99802,1,0.995,0.83611,0.59594,0.32736,0.81056,0.000346736,0.000346736,0.000346736
82,60.9298,0.54178,0.32669,0.82907,0.99814,1,0.995,0.84713,0.59795,0.31878,0.80733,0.000330233,0.000330233,0.000330233
83,61.6695,0.55745,0.32967,0.84135,0.998,1,0.995,0.83879,0.62039,0.32475,0.81054,0.000313729,0.000313729,0.000313729
84,62.4026,0.53661,0.32409,0.82685,0.99788,1,0.995,0.84311,0.62714,0.3193,0.81126,0.000297226,0.000297226,0.000297226
85,63.1106,0.54313,0.31732,0.8339,0.99786,1,0.995,0.83985,0.60845,0.31257,0.80781,0.000280723,0.000280723,0.000280723
86,63.8131,0.51834,0.3116,0.82463,0.99787,1,0.995,0.83656,0.61329,0.31217,0.80836,0.00026422,0.00026422,0.00026422
87,64.6365,0.52609,0.32007,0.82911,0.99795,1,0.995,0.83885,0.60077,0.31414,0.80519,0.000247716,0.000247716,0.000247716
88,65.3667,0.53825,0.31979,0.82509,0.99815,1,0.995,0.84358,0.59759,0.30613,0.80375,0.000231213,0.000231213,0.000231213
89,66.0598,0.53095,0.31214,0.82157,0.99832,1,0.995,0.83936,0.59821,0.30671,0.80376,0.00021471,0.00021471,0.00021471
90,66.8398,0.53835,0.3181,0.82108,0.99825,1,0.995,0.83989,0.59984,0.30535,0.80349,0.000198206,0.000198206,0.000198206
91,68.0771,0.50233,0.30813,0.81559,0.99842,1,0.995,0.84564,0.60546,0.30666,0.80486,0.000181703,0.000181703,0.000181703
92,68.8542,0.51667,0.30784,0.81754,0.99858,1,0.995,0.83813,0.61213,0.31148,0.8069,0.0001652,0.0001652,0.0001652
93,69.6096,0.54128,0.30932,0.83506,0.99852,1,0.995,0.84465,0.60968,0.30978,0.80599,0.000148696,0.000148696,0.000148696
